0xa33B00320B5538C1d8b2Bb8c1443449ad072e829,12
0x3dCb523e66a60Fd941A840B60B91C8d387fdf696,13
0x002678Eb2e1EaA1A58a7703Db1e376b339002c21,14
0xebFAFBe52b8848B445CfB7d5917a3F866648a226,15
0x273dCd29e803c5302126753A765734155786c4D8,16
0x38B62F7220F8f2fbD3419f149213d7F768F53d76,17
0x5C2811994b5858A40dC0088272F9243154dea053,18
0x898290655afe1C521DDABec3B1C148f282D97FbA,19
0x6C21848D74f4792746fbB9CAc55e72AF1167F0Ed,20
0x80d15D6b4fa0db40721d9cA9b1c343182A6a9303,21
0xFC7EeE992AE1D7F99f261712929dE2B1D45f38ac,22
0x26fffE0Cb45564f0e349986c572FbcDfF48cE93f,23
0x87Ee0368d0257f000fcA60560cA09C12c9dc2A6f,24
0x0465890075DD5058249A55870217C87F5f326b1c,25
0x6eBa5038aBde50e0841198fDE9C0E0D19261b8a4,26
0xe1466ffb3f50e9fec01461d9A9a973333f502a50,27
0x82FcC8910423C5E4246D40A8D7ac93778bd4E1ab,28
0x80e47BD5fC7269d2Dc9ebC536898fBAdd85cC430,29
0x0017C8d747742998A3E204c538F3e408bcBe1199,30
0x6c1F8d87eFDD70D69698c5c883eA2F88B324299d,31